Dutch,English
ik,I
je,you
het,It
de,the
dat,that
is,is
een,An
niet,not 
en,and
wat,what
van,by
we,we
in,in
ze,she
hij,he
op,on
te,at
zijn,are
er,there
maar,but
die,that
heb,have
me,me
met,of
voor,for
als,as
ben,am
was,was
dit,this
mijn,mine
om,to
aan,On
jij,you
naar,Unpleasant
dan,than
hier,here
weet,knows
kan,can
geen,no
nog,yet
moet,must
wil,want to
wel,well
ja,Yes
zo,Like this
heeft,has
hebben,to have
hem,it
goed,Good
nee,no
waar,Where
nu,now
hoe,how
ga,go
haar,her
uit,out 
doen,doing
ook,also
over,about
bent,are
mij,me
gaan,to go
of,or
kom,come
zou,would
al,all
bij,bee
daar,there
ons,us
jullie,you
hebt,have
gaat,go
iets,something
zal,shall
meer,more
waarom,Why
had,had
deze,this
laat,leave
moeten,must
m'n,my
jou,you
doe,do
wie,Who
kunnen,be able to
alles,everything
denk,think
door,Through
echt,Real
alleen,only
oké,okay
eens,at sometime
dus,so
weg,road
zien,to see
toch,anyway
man,man
nooit,never
terug,back
laten,to leave
nou,Well
mee,along
misschien,maybe
even,even
iemand,someone
komt,comes
niets,nothing
zei,said
hou,hold
komen,come
mensen,people
onze,our
nodig,necessary
tot,to
worden,become
veel,a lot of
weten,know
leven,to live
wij,We
weer,weather
gewoon,Ordinary
kijk,look
zeggen,say
tijd,time
zeg,say
twee,two
toen,when
tegen,in return for
zit,sit
net,just
dood,dead
uw,your
wordt,is becoming
hé,Hey
maken,to make
mag,may
één,An
z'n,his
omdat,because
gedaan,done
heel,all
af,af
altijd,always
jouw,your
zeker,Certainly
geef,give
zie,see 
wacht,guard
allemaal,all
jaar,year
doet,do
dag,day
zij,she
hun,their
huis,house
vader,father
dank,thanks
dacht,thought
kunt,can
zoals,such as
vrouw,woman
keer,time
anders,otherwise
andere,other
willen,want
erg,terribly
spijt,regret
bedankt,Thank you
niemand,no one
wilt,want
geld,money
zitten,to sit
niks,nothing
iedereen,everyone
binnen,inside
staat,stands
wilde,wild
zich,himself
beter,better
werk,work
praten,talk
gezien,seen
zullen,shall
waren,were
god,God
maak,make
neem,take
vinden,find
vind,find
moeder,mother
kon,could
uur,o'clock
klaar,finished
genoeg,enough
helpen,to help
oh,Oh
hele,whole
drie,three
vast,fixed
na,after
hallo,Hello
leuk,nice
sorry,Sorry
alle,all
elkaar,each other
toe,too
wist,knew
zegt,say
bedoel,I mean
blijf,stay
alsjeblieft,please
lang,long
meneer,sir
ziet,sees
maakt,makes
luister,listen
dingen,things
mooi,Nice
werd,became
eerste,first
graag,Please
natuurlijk,Naturally
houden,keep
zonder,without
steeds,still
krijgen,to get
grote,big
achter,behind
helemaal,absolutely
naam,name
gek,crazy
blijven,to stay
onder,under
vriend,friend
geweest,been
kijken,to look
geven,give
ging,went
vertellen,narrate
ooit,ever 
snel,fast
hand,hand
idee,idea
goede,good  
auto,auto
kwam,came
verdomme,damn it
beetje,bit
moest,had to
kinderen,children
wanneer,when
gebeurd,happened
jongen,boy
bang,afraid
vraag,ask
lijkt,seems
geweldig,amazing
paar,pair
hoor,hear
laatste,last
deed,did
nieuwe,new
vragen,to ask
kun,can
zag,saw
zorgen,to assure
staan,to stand
wereld,world
eten,to eat
jongens,boys
enige,only
zelf,yourself
want,because
nemen,to take
heen,to
zo'n,Sun
beste,best
ken,know
vandaag,Today
zelfs,even
ie,ie
gezegd,said
hadden,had
vertel,tell
eerst,first
gevonden,found
zoon,son
buiten,outside
samen,together
denken,think
geloof,believe
morgen,tomorrow
geleden,past
meisje,girl
thuis,At home
denkt,thinks
rustig,Calm
mannen,men
halen,to fetch 
probleem,problem
hen,them
stop,Stop
eigen,own
kleine,small
hoop,heap
wou,wish
vermoord,murdered
elke,each  
krijg,get
horen,to belong
gelijk,directly
bijna,almost
zouden,would
open,Open
orde,order
begrijp,understand
hoofd,head
gebeurt,happens
kant,side
vrienden,friends
houdt,holds
eigenlijk,actually
alsof,as if
pak,pack
geeft,gives
politie,Police
precies,precisely
wachten,to wait
familie,family
verder,further
zat,fed up
soms,sometimes
werken,work
bel,bell
voel,feel
kind,child
probeer,try
ding,thing
minuten,minutes
krijgt,gets
zet,sets
vijf,five
gehad,had
haal,get
gemaakt,made
hè,Hey
manier,way
dagen,to dawn
zoek,search
heet,is called
volgende,next
daarom,therefore
gehoord,heard
pas,pass
werkt,works
vanavond,this evening
volgens,according to
best,best
pijn,pain
kans,chance
eruit,out
help,Help
plaats,place
hoeveel,how many
vroeg,early
oude,old
stad,city
zoeken,to search
ogen,eyes
jezelf,yourself
geloven,to believe
moment,moment
kamer,room
schiet,shoot
vier,four
vindt,finds
word,word
agent,agent
slecht,bad
verteld,told
brengen,to take
blij,pleased
hulp,staff
welke,which
blijft,stays
ligt,is
broer,brother
school,school
tussen,between
deur,door
spreken,speak
plan,plan
dollar,dollar
handen,hands
ergens,somewhere
dr.,Dr.
klopt,Correct
breng,bring
dokter,doctor
juist,correct
vond,found
praat,talk
prima,fine
betekent,means
soort,kind
zaak,case
proberen,try
jack,Jack
spelen,to play
lekker,Tasty
doden,deaths
gebruiken,to use
groot,big
kent,knows
boven,above
water,water
problemen,problems
land,land
sta,stand
later,later
papa,dad
This,This
pakken,to take
week,week
schat,Darling
voordat,before
zoveel,so much
vrij,free
echte,real
stoppen,fuses
klootzak,asshole
beginnen,start
alstublieft,Please
zodat,so that
zorg,concern
mooie,nice
wees,be
vermoorden,murder
mis,miss
vooruit,forward
bellen,to call
dochter,daughter
vrouwen,women
tien,ten
hoeft,needs
lopen,to walk
hart,heart
snap,snap
voorbij,past
los,loose
vergeten,forget
gebeuren,to happen
bloed,blood
druk,Busy
verhaal,story
moeilijk,difficult
hoi,hi
zes,six
eerder,earlier
neer,down
ervan,of it
bed,bed
nacht,night
bezig,busy
wakker,awake
redden,to rescue
klein,small
gekomen,came
sinds,since
kop,header
zult,will
begrepen,understood
plek,place
veilig,safe
stel,couple
vol,full
nummer,number
waarheid,truth
zoiets,something like that
mevrouw,Madam
leren,learning
hetzelfde,the same
gaf,gave
baby,baby
baas,boss
gelukkig,happy
meteen,immediately
beneden,downstairs
waarschijnlijk,probably
sterven,die
gezicht,sight
begin,start
mogelijk,possible
mama,mom
dicht,closed
zaken,business
liggen,lie
nieuws,news
ander,other
eraan,to it
liefde,love
slapen,to sleep
ver,far
reden,rode
fout,wrong
vallen,traps
maanden,months
mogen,to be allowed to
oud,old
vergeet,forgets
voelt,feels
vent,guy
sir,sir
hoorde,heard
hoort,belongs
klinkt,sounds
terwijl,while
vriendin,girlfriend
welkom,Welcome
team,team
rond,around
president,president
oorlog,war
duidelijk,clearly
jaren,years
rest,rest
schuld,debt
avond,evening
eerlijk,honestly
fijn,fine
mond,mouth
buurt,neighbourhood
drinken,drinks
telefoon,telephone
per,per
wapen,weapon
liet,let
belangrijk,important
kreeg,got
ouders,parents
stuk,piece
rust,rest
vandaan,from
kennen,know
Jezus,Jesus
deel,part 
baan,track
kapitein,captain
erop,on top
geluk,happiness
dezelfde,same
overal,everywhere
schip,ship
heren,Gentlemen
gegeven,datum
anderen,others
zeer,very
langs,by
mam,mom
recht,right
lichaam,body
aardig,nice
vertrouwen,to trust
ermee,with it
neemt,takes
vanaf,from
vaak,often
boek,book
mezelf,myself
zetten,to make
stil,quiet
ok,OK
kerel,guy
betalen,pay
geval,case
miljoen,million
tweede,second
haat,hate
hard,hard
inderdaad,indeed
woord,word
stond,stood
hond,dog
straks,soon
weken,to soften
film,film
antwoord,answer
veranderen,change
licht,light
houd,loves
pa,pa
tijdens,during the day
lieverd,Darling
liever,rather
kwaad,angry
ontmoet,meet
nergens,nowhere
gebruikt,used
schatje,sweetie
verloren,lost
koning,king
nieuw,new
elk,each
erin,in it
ontmoeten,meet
vechten,to fight
voorzichtig,carefully
geworden,become
enkel,single
kwijt,lost
noemen,to call
valt,fall
prachtig,beautiful
rijden,to ride
zin,sentence
hield,held
daarna,then
mens,man
schieten,to shoot
grappig,funny
stap,step
zichzelf,himself
kantoor,office
wapens,weapons
normaal,normal
slechte,bad
maakte,made
moord,murder
gebeld,called
ervoor,for it
ten,ten
heer,gentleman
loopt,walks
einde,end
gegaan,gone
gang,hallway
vertelde,told
spel,game
informatie,information
frank,Frank
dames,ladies
naartoe,to
allebei,both
leg,lay
acht,eight
pap,porridge
seks,sex
minder,fewer
gevoel,feeling
trouwen,to marry
nogal,rather
eh,uh
voelen,feel
begint,begins
plezier,pleasure
meisjes,girls
stuur,send
foto,photo
vreemd,foreign
zomaar,just like that
verkeerd,wrong
zeven,seven
lucht,air
grond,ground
leeft,lives
nam,took
pardon,pardon
verwacht,expected
kopen,buy
koffie,coffee
onderzoek,research
gesproken,spoken
herinner,remember
idioot,idiot
ziekenhuis,Hopital
daarmee,with that
shit,shit
eindelijk,finally
perfect,perfect
goeie,good
gisteren,yesterday
aarde,Earth
contact,contact
zus,sister
erbij,there
beschermen,protect
gevangenis,prison
persoon,person
winnen,win
kracht,power
ziek,sick
omhoog,upwards
beloof,promise
gebruik,usage
hoezo,why
degene,the one
trek,trek
meen,I think
enkele,a few
getrouwd,married
gevraagd,asked
New,New
verdomde,damned
hierheen,here
punt,point
toekomst,future
probeerde,tried
half,half
leger,army
waard,worth
opnieuw,again
val,fall
vuur,firework
bewijs,proof
controle,control
stellen,to set
tv,TV
loop,loop
woorden,words
droom,dream
begrijpen,understand
eet,eat
bedoelt,means
onzin,nonsense
serieus,serious
konden,could
nietwaar,isn't that right
verlaten,to leave
pistool,pistol
gekregen,received
men,men
brengt,brings
fantastisch,fantastic
trots,proud
ziens,goodbye
ongeluk,accident
geheim,secret
vroeger,earlier
veranderd,changed
eentje,one
werden,were
begon,began
verliezen,to lose
probeert,tries
vliegtuig,aeroplane
let,let
slim,smart
juiste,right one
langer,longer
slaap,sleep
lezen,read
ongeveer,about
behalve,except
meid,girl
oom,uncle
gered,saved
bank,bank
generaal,general
dienst,employ
tenminste,at least
lief,love
noem,name
gedood,killed
vraagt,asks
boos,angry
spullen,stuff
volgen,to follow
sturen,to steer
hemel,heaven
makkelijk,comfortable
ter,for
genomen,taken
grootste,largest
gebeurde,happened
kwamen,came
excuseer,excuse
meter,meter
weinig,few
iedere,every
moordenaar,murderer
luisteren,listen
begrijpt,understands
gevaar,danger
ieder,every
sommige,some
via,via
succes,success
vertrekken,to leave
muziek,music
gestolen,stolen
meest,most
hoef,hoof
advocaat,lawyer
kijkt,looks
helpt,helps
afspraak,appointment
maand,month
zwarte,black
seconden,seconds
sterk,strong
foto's,photos
lijken,corpses
geest,spirit
gingen,went
straat,street
slechts,only
verkeerde,wrong
slaan,to strike
FBI,FBI
afgelopen,last
hotel,hotel
bekend,known
ene,one
ruimte,room
lange,long
trouwens,Incidentally
feest,party
vliegen,to fly
boot,boat
meester,master
doel,goal
zolang,as long as
regels,lines
stomme,stupid
begonnen,started
zak,bag
absoluut,absolute
spreek,speak
stom,stupid
bestaat,consists
welk,which
gevaarlijk,dangerous
jawel,yes indeed
mocht,may
goedemorgen,Good morning
wilden,wanted
erger,worse
vreselijk,terrible
zodra,as soon as
geraakt,touched
nadat,once
vertrouw,trust
kolonel,colonel
voelde,felt
kleren,clothes
rug,back
naast,next to
totdat,until
verliefd,in love
lukt,succeeds
wonen,living
lieve,dear
gaten,holes
raar,weird
geprobeerd,tried
geleerd,learned
erover,about
raad,council
volg,follow
verkopen,to sell
geweldige,amazing
zover,as far
red,red
woont,lives
Amerika,America
lul,dick
gedacht,thought
bewijzen,prove
prijs,price
www,www
raken,hit
voorstellen,to suggest
vorige,previous
regel,rule
schrijven,to write
rot,rot
gebouw,building
trekken,Pull
herinneren,to remind
dansen,dancing
gebracht,brought
meeste,most
koud,cold
jammer,Shame
wegwezen,Get out of here
macht,power
drugs,drugs
geboren,born
dragen,wear
keuze,choice
gefeliciteerd,Congratulations
situatie,situation
missen,miss
honger,hunger
betaald,paid
liefje,Darling
duurt,takes
schelen,care
kaart,card
rij,row
bal,ball
werkte,worked
gedachten,thoughts
derde,third
rennen,running
namen,names
teken,sign
speelt,plays
stem,vote
bedrijf,company
moe,tired
tenzij,unless
dom,stupid
vlucht,flight
raak,hit
relatie,relation
lachen,laugh
leuke,nice
schuldig,guilty
negen,nine
tafel,table
sneller,faster
James,James
jong,young
vanwege,because
beide,both
viel,fell
oog,eye
leek,seemed
gestuurd,sent
lijn,line
grapje,joke
komaan,come on
moesten,had to
daarvoor,before that
onderweg,en route
lijst,list
vanuit,from
band,band
gelooft,believes
gemist,missed
sleutel,key
lag,lay
kont,ass
reis,travel
arm,arm
show,show
vertelt,tells
groep,group
belde,called
zweer,ulcer
agenten,agents
eer,honor
onmogelijk,impossible
steek,lurch
hel,hell
zwaar,heavy
tuurlijk,sure
bevel,order
jonge,young
kerk,church
huwelijk,wedding
delen,to share
sla,salad
Amerikaanse,American
wedstrijd,match
maat,mate
allen,all
gebroken,broken
dromen,dreams
direct,direct
luitenant,lieutenant
planeet,planet
vooral,mainly
missie,mission
midden,middle
gezin,family
gisteravond,last night
leiden,to lead
dame,lady
bericht,message
angst,fear
stierf,died
wagen,wagon
blijkbaar,evidently
kapot,broken
zoekt,searches
ziel,soul
positie,position
waarvoor,for which
respect,respect
wet,law
gesprek,conversation
verleden,past
kost,cost
links,left
witte,white
ring,ring
da's,That's
regelen,to arrange
computer,computer
dronken,drunk
eind,end
deden,did
mijne,mine
gooi,throw
gast,guest
zul,you will
muur,wall
dode,dead
gewerkt,worked
kende,knew
ma,ma
brand,fire
sluit,close
zon,Sun
diep,deep
arme,poor
bureau,desk
partner,partner
zeiden,said
boord,board
deal,deal
leggen,lay
bom,bomb
rijk,rich
meiden,girls
held,hero
klote,shitty
spreekt,speaks
vijand,enemy
schoenen,shoes
gewonnen,won
gebied,area
operatie,operation
volk,people
bewegen,move
keek,looked
speel,play
zuster,sister
gelezen,read
achteruit,backwards
trein,train
extra,extra
lijk,corpse
bereiken,reaches
zee,sea
cool,cool
broek,pair of trousers
aanval,attack
neus,nose
oma,grandma
systeem,system
kalm,calm
code,code
sergeant,sergeant
hoog,high
draai,play
slachtoffer,victim
les,lesson
uiteindelijk,eventually
verdwenen,disappeared
eiland,island
geschreven,written
gewond,injured
plannen,plans
spul,stuff
uitleggen,explain
haast,hast
liegen,lying
la,la
vertaling,translation
beloofd,promised
rode,red
bracht,brought
paard,horse
winkel,shop
warm,warm
ex,ex
moeite,effort
camera,camera
tijdje,while
interessant,interesting
geheime,secret
hoeven,hooves
feestje,party
persoonlijk,personal
gedownload,downloaded
vrede,peace
lot,lot
keus,choice
bus,bus
club,club
gevecht,fight
weggaan,leave
daarvan,of them
brief,letter
lastig,annoying
raam,window
levend,alive
professor,professor
kiezen,to elect
liep,walked
vonden,found
hangt,hangs
sluiten,close
verdienen,earn
helft,half
teveel,too many
leeg,empty
bleef,remained
heerlijk,Delicious
eraf,off
gelukt,success
helaas,unfortunately
stelen,to steal
benen,legs
gezet,set
bekijken,to look at
boodschap,errand
eikel,acorn
lift,elevator
been,leg
gekocht,bought
boeken,books
groter,bigger
opschieten,hurry up
gevallen,fallen
donker,dark
rechts,right
aandacht,attention
slaat,strikes
ophouden,to hold up
drink,drink
slag,strike
vannacht,tonight
gehaald,fetched
speciaal,special
meegenomen,brought
koningin,queen
godsnaam,God's name
speciale,special
test,test
geschiedenis,history
volledig,complete
zulke,such
raakt,touches
adres,address
alweer,again
meestal,generally
park,park
regering,government
ouwe,old
bestaan,exist
sheriff,sheriff
dak,roof
zwanger,pregnant
gehouden,held
zelfmoord,suicide
vreemde,stranger
hopelijk,hopefully
adem,breath
vernietigen,destroy
betrokken,involved
betaal,pay
koop,buy
nek,neck
brug,bridge
bezoek,visit
belt,calls
kwalijk,bad
ongelooflijk,incredible
bar,bar
ijs,ice
overleven,to survive
beiden,both
meenemen,take along
gestorven,died
ontslagen,dismissed
aantal,number
vuile,dirty
geweer,rifle
beurt,turn
werkelijk,really
dichtbij,near
zwart,black
laatst,last
liegt,lies
voeten,feet
lees,read
wisten,knew
zingen,sing
toestemming,permission
gestopt,stopped
zaten,sat
kort,short
gepakt,caught
knap,handsome
waarop,on which
betere,better
ontdekt,discovers
doorgaan,continue
vlees,meat
richting,direction
ruzie,row
verdient,deserves
gesloten,Closed
welterusten,Good night
belachelijk,ridiculous
rekening,account
verdorie,damn it
ach,oh
monster,sample
verrassing,surprise
rechter,right
ontsnappen,escape
gasten,guests
radio,radio
energie,energy
kennis,knowledge
verlies,loss
verschillende,various
tas,bag
veiligheid,safety
draagt,wears
enig,any
voet,foot
weekend,weekend
haalt,fetches
wijn,wine
verschil,difference
verkocht,sold
stoel,chair
commandant,commander
gat,hole
mes,knife
beslissing,decision
boom,tree
glas,glass
basis,basis
schrijf,write
reet,ass
knul,boy
captain,captain
der,of
verjaardag,birthday
geregeld,organized
procent,percent
neergeschoten,shot
spoor,track
kilometer,kilometer
bezorgd,worried
opdracht,Job
gevangen,captured
hoek,corner
vanmorgen,this morning
verandert,changes
vis,fish
waarvan,of which
heilige,holy
hoge,high
excuses,excuses
bedoelde,referred to
klas,class
kogel,ball
simpel,simple
hoogte,height
honden,dogs
waarmee,with which
goud,gold
wens,wish
prachtige,beautiful
zakken,to fail
eenmaal,once
kat,cat
plaatsen,places
rood,red
sleutels,keys
ware,true
onderzoeken,to research
dachten,thought
vrijheid,freedom
sprak,spoke
gooien,to throw
last,last
rivier,river
hiermee,with this
noemt,names
blauwe,blue
hoelang,how long
tante,aunt
vele,many
soldaat,soldier
huilen,to cry
feit,fact
programma,program
getuige,witness
Tommy,Tommy
begraven,buried
gezeten,sat
grap,joke
Christus,Christ
vriendje,boyfriend
onmiddellijk,immediately
bereid,prepared
bedanken,thank
twintig,twenty
beeld,image
verklaring,declaration
woon,live
twaalf,twelve
stelt,stilt
beweging,movement
duren,to last
patiënt,patient
thee,tea
indruk,impression
totaal,total
Parijs,Paris
ballen,balls
dorp,village
stukje,piece
leider,leader
zwaard,sword
kus,kiss
taxi,Taxi
gevoelens,feelings
verdachte,suspect
Engels,English
zware,heavy
vlak,right
soldaten,soldiers
zagen,saws
lol,lol
langzaam,slowly
hangen,hang
keuken,kitchen
wind,wind
cel,cell
breken,break
vergeef,forgive
geluid,sound
slaapt,sleeps
moorden,murders
aangenaam,nice to meet you
geholpen,helped
beest,beast
bier,beer
actie,action
dieren,animals
krant,newspaper
draag,carry
leidt,leads
ontvangen,received
minuut,minute
levens,life
appartement,apartment
draaien,turn
vakantie,holiday
leer,learn
sterft,dies
mist,mist
vecht,fight
passen,to fit
jurk,dress
privé,private
hoer,whore
chef,chef
wraak,revenge
sexy,sexy
gauw,soon
slot,end
afstand,distance
Washington,Washington
gratis,free
wint,wins
reed,rode
strijd,conflict
ervaring,experience
honderd,one hundred
bouwen,build
leiding,pipe
schoon,beautiful
geslagen,beaten
draait,turns
belangrijke,important
risico,risk
trap,stairs
prinses,princess
verantwoordelijk,responsible
neuken,fucking
goedenavond,Good evening
slachtoffers,victims
bezit,possess
noemde,mentioned
armen,arms
roep,call
schoot,shot
vertrek,departure
restaurant,restaurant
geniet,enjoy
gepraat,talked
dikke,thick
rol,role
kerels,guys
tijden,times
misdaad,crime
homo,homo
leef,live
springen,jump
directeur,director
erachter,behind it
start,start
wezen,being
rijdt,drives
duizend,thousand
wow,wow
prins,prince
antwoorden,answers
raakte,touched
tekenen,to draw
vieren,celebrate
perfecte,perfect
zorgt,ensures
behoorlijk,quite
majesteit,majesty
luistert,listens
waarover,about which
nadenken,think it over
volgt,follows
neef,cousin
gestoord,disturbed
vertaald,translated
mijnheer,sir
gewone,ordinary
taak,task
Londen,London
aanvallen,to attack
opa,grandpa
rook,smoke
geweten,known
trouw,fidelity
signaal,signal
kussen,to kiss
ouder,parent
dankzij,thanks to
lach,smile
sporen,traces
jas,jacket
godverdomme,goddamn it
ster,star
sloeg,struck
verschrikkelijk,terrible
vlug,fast
tegenhouden,to prevent
wonder,wonder
toegang,access
afdeling,department
pad,path
besloten,decided
vorm,form
uren,hours
stopt,stops
medicijnen,medicines
bek,beak
majoor,major
gekozen,chosen
beveiliging,security
ah,Ah
fijne,nice
controleren,check
onschuldig,innocent
dossier,file
boel,lot
durf,dare
maan,Moon
post,post
auto's,cars
betreft,Re
leeftijd,age
toevallig,chance
bos,bunch
waarin,in which
ineens,suddenly
overleden,dead
Clark,Clark
kosten,costs
gemeen,mean
landen,to land
enorm,enormous
sommigen,some
opeens,suddenly
senator,senator
gedoe,hassle
enorme,enormous
bloemen,flowers
steen,stone
opzij,aside
openen,open
tanden,teeth
hersenen,brain
getuigen,to give evidence
halve,half
verdwijnen,disappear
gelogen,lied
past,fits
bespreken,discuss
motor,engine
ontsnapt,escapes
momentje,One moment
ontbijt,breakfast
toilet,toilet
uitzoeken,to sort
s,s
volwassen,adult
eeuwig,eternal
afmaken,kill
dol,crazy
terecht,justifiably
oren,ears
machine,machine
verpest,ruined
verlaat,leaves
klootzakken,assholes
top,top
gemakkelijk,easy
gearresteerd,arrested
doos,box
geschoten,shot
gegeten,ate
betaalt,pays
rare,strange
big,big
ochtend,morning
ruikt,smells
huid,skin
trut,bitch
verhalen,stories
verraden,betray
tonen,to show
hopen,hope
virus,virus
bedoeling,intention
officier,officer
schreef,wrote
krachten,forces
papieren,paper
bijzonder,special
betekenen,mean
opnemen,to withdraw
strand,beach
rapport,report
binnenkort,soon
twijfel,doubt
inspecteur,inspector
gekke,crazy
veld,field
rechercheur,detective
lunch,lunch
ondertitel,subtitle
opstaan,to get up
lui,lazy
gezocht,sought
ophalen,to retrieve
verslaan,defeat
ergste,worst
drankje,drink
publiek,audience
nerveus,nervous
gedrag,behavior
troep,rubbish
lab,lab
roken,smoking
keren,turn
zocht,searched
bad,bath
dik,thick
vaders,fathers
alarm,alarm
akkoord,agree
doelwit,target
vaker,more often
schade,injury
bruiloft,wedding
gegevens,facts
genoemd,named
terugkomen,come back
vernietigd,destroyed
steken,stiches
geweld,violence
vergeven,forgive
Amerikanen,Americans
mening,opinion
kies,choose
type,type
bedacht,invented
belangrijkste,most important
las,last
grens,border
paniek,panic
universiteit,university
verboden,forbidden
west,west
rotzooi,mess
moed,courage
dichterbij,closer
blanke,white
verbergen,hide
gaaf,great
voorkomen,prevent
duivel,devil
persoonlijke,personal
bepaalde,certain
Rome,Rome
rusten,rest
juffrouw,Miss
fles,bottle
kaarten,cards
dna,DNA
stappen,steps
vrije,free
schijnt,appears
favoriete,favourite
spelletje,game
broeder,brother
coach,coach
overkomen,happen
poort,port
zomer,summer
afgesproken,agreed to meet
bron,source
advies,advice
Pete,Pete
Jason,Jason
sukkel,loser
geslapen,slept
jaloers,jealous
kogels,bullets
kamp,camp
zwak,weak
gevolgd,followed
vertrokken,left
stuurde,sent
menselijke,human
klanten,customers
lukken,succeed
Engeland,England
vingers,fingers
ziekte,disease
vissen,fish
CIA,CIA
Mexico,Mexico
locatie,location
vangen,catch
waardoor,as a result of which
nagedacht,thought
gaven,gave
medische,medical
geloofde,believed
mooiste,most beautiful
broers,brothers
tevreden,satisfied
city,City
details,details
gereed,ready
aangedaan,affected
zojuist,just
menselijk,human
blik,look
verband,bandage
schot,shot
punten,points
domme,stupid
vogel,bird
project,project
trekt,pulls
stemmen,to vote
genoegen,pleasure
burgemeester,mayor
genezen,cured
gedachte,thought
films,movies
hoopte,hoped
doc,doc
gebruikte,used
gelaten,left
voeren,to feed
bedenken,think of
bekijk,look at
verborgen,hidden
oplossing,solution
donder,thunder
verdomd,damn
laag,low
km,km
bak,bake
speelde,played
verwachten,to expect
uitstekend,excellent
voedsel,food
arts,doctor
fouten,errors
super,super
testen,tests
kleur,colour
aangevallen,attacked
station,station
kip,chicken
Simon,Simon
piloot,pilot
truck,truck
duizenden,thousands
kluis,safe
maatje,buddy
des,of
echtgenoot,husband
Don,Don
vermoordt,murders
gouden,golden
elf,eleven
gebleven,remained
taal,language
sterker,stronger
noorden,north
zwemmen,swimming
hoewel,although
leugenaar,liar
St.,St.
vermist,missing
toon,show
vijanden,enemies
meegemaakt,experienced
compleet,completely
shirt,shirt
deuren,doors
vertrekt,leaves
lijden,suffering
geïnteresseerd,interested
veroorzaakt,causes
telefoontje,phone call
proces,process
tent,tent
harder,harder
drank,drink
begrafenis,funeral
achtergelaten,left behind
gedragen,to behave
war,war
verstand,brain
stuurt,sends
snapt,understands
oplossen,dissolve
vaarwel,goodbye
ongelofelijk,unbelievable
video,video
Adam,Adam
kregen,received
bevalt,pleases
hiervan,of this
vriendelijk,friendly
bereikt,reaches
Vegas,Vegas
Victor,Victor
jagen,hunting
wit,white
heus,real
neen,no
bieden,offer
vrijdag,Friday
theorie,theory
genaamd,named
melk,milk
uwe,yours
dankbaar,satisfying
vluchten,to flee
paarden,horses
sterf,die
blind,blind
vorig,last
koffer,suitcase
vasthouden,to cling
carrière,career
vliegveld,airport
waardeer,appreciate
verloor,lost
goden,gods
manieren,ways
normale,normal
geheimen,secrets
reizen,to travel
hoger,higher
schoonheid,beauty
straf,punishment
iedereen,everyone
minister,minister
eng,scary
yeah,yeah
verkoop,sale
berg,mountain
hoed,hat
Alice,Alice
klant,customer
vergadering,meeting
sterren,stars
papier,paper
gezelschap,company
jouwe,yours
koers,course
doorheen,through
kilo,kilo
stukken,pieces
volle,full
storm,storm
harde,hard
data,data
black,black
beslist,specifically
vloer,floor
geheugen,memory
reken,calculate
liedje,song
blijkt,appears
contract,contract
eigenaar,owner
verdiend,earned
ernstig,serious
bende,gang
pers,press
gozer,dude
lid,member
hiervoor,for this
uitgenodigd,invited
blauw,blue
taart,cake
steun,support
moeders,mothers
stilte,Silence
toeval,chance
cent,cent
gevangene,prisoner
verliest,loses
eenheid,unit
roepen,to call
wiens,whose
dader,perpetrator
aannemen,contract
talent,talent
herinnert,remembers
hemelsnaam,For heaven's sake
vandoor,run away
ondertiteling,subtitles
borst,chest
you,you
koken,to cook
westen,West
lenen,to borrow
dans,dance
aandoen,to affect
omgeving,environment
miljoenen,millions
vergissing,mistake
schepen,ships
gezond,healthy
ren,run
bijvoorbeeld,for example
tegenover,opposite
verstopt,hidden
korte,short
vreselijke,terrible
Chicago,Chicago
klus,job
graden,degrees
sterke,strong
groene,green
jazeker,"Yes, of course"
beslissen,to decide
zuiden,south
lord,Lord
gaande,ongoing
verdieping,floor
magie,magic
erom,about
snelheid,speed
voren,in front
kunst,art
kelder,basement
redt,saves
arresteren,arrest
gewacht,waited
kwestie,issue
bidden,to pray
beelden,images
niveau,level
hartelijk,heartfelt
geduld,patience
gespeeld,played
schattig,cute
nauwelijks,hardly
pond,pound
bepaald,certain
King,King
ruim,roomy
leerde,learned
duur,duration
nogmaals,once more
tuin,garden
zaterdag,Saturday
ondanks,Despite
wijs,show
behandelen,to deal with
yo,yo
ruik,smell
gebouwd,built
liefste,dearest
bergen,to put away
aankomen,arrive
gave,gift
pakt,takes
ideeën,ideas
ontvoerd,kidnapped
verzoek,request
kast,cupboard
Sean,Sean
geesten,spirits
orders,orders
droeg,wore
leugen,lie
hielp,helped
kerstmis,Christmas
gelul,bullshit
gedeelte,part
mevr.,Mrs.
ontmoette,met
edelachtbare,Your Honor
flat,flat
tong,tongue
logisch,logically
daardoor,as a result
controleer,check
stroom,current
afscheid,parting
gevangenen,prisoners
saai,boring
Marcus,Marcus
militaire,military
opgewonden,excited
makkelijker,easier
zuid,south
stenen,stones
lieg,lie
wc,toilet
herinneringen,memories
badkamer,bathroom
vuren,fires
fuck,fuck
cadeau,gift
dertig,thirty
verantwoordelijkheid,responsibility
flink,considerable
biertje,beer
officieel,officially
tegenwoordig,nowadays
belang,interest
ronde,round
redenen,reasons
opgeven,to report
Frankrijk,France
schreeuwen,scream
eenvoudig,simple
gekeken,looked
kerst,Christmas
aanraken,to touch
genieten,enjoy
ontslag,dismissal
verslagen,reports
opgesloten,locked up
groen,green
heette,was called
graf,grave
bond,bond
high,high
stand,stand
aardige,nice
raden,councils
vinger,finger
bomen,trees
helikopter,helicopter
manager,manager
vrolijk,cheerful
Dean,Dean
zicht,sight
slaapkamer,bedroom
verbrand,burnt
rekenen,calculate
kust,coast
race,race
leraar,teacher
zonde,shame
stof,dust
pot,pot
eieren,eggs
verdedigen,defend
kanker,cancer
wellicht,perhaps
gedronken,drank
daarheen,to there
herken,to recognise
gas,gas
knieën,knees
ontdekken,discover
bedoeld,meant
verbonden,connected
smaak,taste
job,Job
reactie,reaction
bescherming,protection
bevelen,order
vervangen,replace
huh,huh
tellen,to count
mogelijkheid,possibility
moeilijke,difficult
Nathan,Nathan
achterlaten,leave
voorstel,proposal
afspraakje,date
Angeles,Angeles
vlieg,fly
dekking,coverage
wed,wed
ho,ho
pillen,pills
Europa,Europe
wetenschap,science
naakt,naked
pauze,break
vrees,fear
schrijft,writes
waarde,value
priester,priest
natuur,nature
pik,cock
binnenkomen,enter
detective,detective
gerust,reassured
maandag,Monday
volledige,sufficient
beer,bear
meerdere,multiple
heks,witch
assistent,assistant
eeuw,century
toegeven,to give in
spring,spring
verhuizen,to move house
vermoordde,murdered
verstoppen,hide
brood,bread
bemanning,crew
troepen,troops
zwijg,be silent
zondag,Sunday
dienen,serve
Rose,Rose
Roger,Roger
opgenomen,included
oosten,east
gescheiden,divorced
plus,plus
ademen,to breathe
aanbod,offer
wensen,wishes
doei,bye
gekend,known
aanbieden,to offer
politiek,politics
Russische,Russian
Morgan,Morgan
genade,grace
gewend,accustomed
internet,internet
buren,neighbors
opgelost,dissolved
pizza,pizza
dek,deck
grijp,grab
eenzaam,lonely
vervelend,annoying
leugens,lies
erheen,there
keizer,emperor
verslag,report
wild,wild
telt,counts
nachtmerrie,nightmare
horloge,watch
staten,states
bewerkt,edited
vals,false
bezoeken,visits
leert,learns
min,min
seconde,second
aanwezig,present
interesseert,interests
meent,believes
streek,region
beweegt,moves
feiten,facts
burgers,citizens
waarheen,to where
hierin,in this
interesse,interest
eindigen,to end
patiënten,patients
schrikken,to startle
buik,belly
stront,shit
regen,rain
technologie,technology
rechten,rights
muren,walls
chauffeur,driver
noord,north
garage,garage
netjes,correctly
terrein,terrain
lekkere,tasty
olie,oil
klap,clap
date,date
graven,to dig
nationale,national
voorbeeld,example
besluit,decision
hang,hang
herhaal,repeat
champagne,Champagne
oceaan,ocean
geur,scent
zelfde,same
groeten,greetings
verandering,change
ruiken,smell
vierde,fourth
waarschuwen,warn
verdien,earn
bord,board
ambulance,ambulance
neerschieten,shoot
spiegel,mirror
hersens,brain
momenteel,currently
dubbele,double
omstandigheden,circumstances
melden,report
sync,sync
tegelijk,at the same time
knappe,handsome
woede,fury
leefde,lived
nat,wet
jury,jury
groeien,to grow
wezens,creatures
russen,Russians
morgenochtend,tomorrow morning
wegens,due to
kampioen,champion
loog,lye
accepteren,accept
studeren,studying
behandeld,treated
tieten,tits
ernaar,after it
stopte,stopped
vormen,forms
grotere,larger
gedag,goodbye
kist,chest
ruil,exchange
engel,angel
Edward,Edward
gods,gods
bril,glasses
keel,throat
lef,guts
ervandoor,run away
lichten,lights
medelijden,pity
tel,count
rijke,rich
tunnel,tunnel
haten,hate
afgesloten,closed
opzoeken,look up
hal,hall
terugkomt,comes back
slimme,smart
wedden,bet
lichamen,bodies
handel,trade
huizen,houses
dief,thief
moordenaars,murderers
hoogheid,Highness
poging,attempt
Jesse,Jesse
materiaal,material
toestand,condition
amper,barely
voorlopig,provisional
veilige,safe
verloofde,fiancée
daarin,therein
slet,slut
Texas,Texas
oefenen,to practice
Franse,French
woonde,lived
prettige,pleasant
voordeel,advantage
eindigt,ends
vliegt,flies
verdediging,defense
vanochtend,this morning
zielig,pathetic
Wilson,Wilson
woestijn,desert
apparaat,device
rat,rat
kocht,bought
lossen,solve
diner,dinner
cliënt,client
feite,fact
verkoopt,sells
idioten,idiots
komende,upcoming
plegen,commit
kaartje,card
-ste,-ste
dier,animal
waarschuwing,warning
verbinding,connection
dichter,poet
wijze,wise
pensioen,pension
Afrika,Africa
winnaar,winner
drinkt,drinks
scheelt,makes a difference
doodde,killed
lieten,let
smerig,dirty
bewakers,guards
klok,clock
oor,ear
verzet,resists
stijl,style
richten,aim
invloed,influence
opgepakt,arrested
mogelijke,possible
spelletjes,games
kerstman,Santa Claus
markt,market
bewaren,save
brieven,letters
studenten,students
varken,pig
komst,arrival
lelijk,ugly
centrum,center
vijftien,fifteen
kaas,cheese
genie,genius
valse,false
donkere,dark
huur,rent
VS,US
verdween,disappeared
overtuigd,convinced
aangezien,since
cijfers,figures
overwinning,victory
behandeling,treatment
belofte,promise
bekeken,viewed
breekt,breaks
jarige,birthday
training,training
artikel,article
stelletje,couple
kloppen,to beat
maakten,made
verrast,surprised
beroep,profession
honderden,hundreds
zette,set
waardeloos,worthless
rechtbank,court
Robin,Robin
wijzen,ways
vingerafdrukken,fingerprints
bleek,pale
maagd,virgin
camera's,cameras
China,China
personeel,staff
minstens,at least
schitterend,wonderful
diegene,that person
starten,start
geheel,entirely
jeugd,youth
berichten,to inform
mensheid,humanity
gepland,planned
ramp,disaster
onderwerp,subject
Californië,California
zwembad,swimming pool
explosie,explosion
ha,ha
duurde,lasted
noch,nor
sliep,slept
redelijk,reasonable
excuus,excuse
moge,may
smeek,plead
geintje,just kidding
pen,pen
terroristen,terrorists
boerderij,farm
belangrijker,more important
burger,burger
doodt,kills
overtuigen,convince
nep,fake
diamanten,diamonds
aap,monkey
ophangen,to hang
verderop,further on
jacht,hunt
masker,mask
mars,Mars
onthouden,to remember
kleding,clothing
schaduw,shadow
overkomt,happens
bovendien,moreover
Duitse,German
fearless,fearless
walgelijk,disgusting
amen,amen
richt,direction
dwars,thwarted
vriendschap,friendship
7Up,7Up
slang,snake
gouverneur,governor
touw,rope
onthoud,remember
daarbij,in addition
zand,sand
plicht,duty
trok,pulled
wegkomt,gets away
onschuldige,innocent
collega,co-worker
onszelf,ourselves
voorbereid,prepared
haalde,fetched
Greg,Greg
verwijderd,deleted
veranderde,changed
gunst,favor
okee,okay
leden,members
wassen,to wash
win,win
gepleegd,committed
snijden,cutting
Frans,French
reputatie,reputation
teleurgesteld,disappointed
letten,pay attention
uniform,uniform
verklaren,to declare
monsters,monsters
fan,fan
bruid,bride
overheid,government
enterprise,enterprise
gewaarschuwd,warned
daarbuiten,outside
daarover,about that
leest,reads
gezondheid,health
geliefde,beloved
ontmoeting,meeting
stinkt,stinks
uiteraard,of course
makker,buddy
vanmiddag,this afternoon
aangekomen,arrived
meedoen,participate
minst,least
maag,stomach
route,route
omgaan,to deal with
hoogste,highest
verrader,traitor
indrukwekkend,impressive
mogelijkheden,possibilities
Helen,Helen
gebaseerd,based
Nederlandse,Dutch
verschuldigd,owed
lever,liver
scheiden,to divorce
sprong,jump
daarbinnen,inside there
wolf,wolf
whisky,whiskey
lady,lady
live,live
voldoende,sufficient
onderzocht,investigated
universum,universe
ontzettend,tremendous
gevochten,fought
Marshall,Marshall
pop,pop
lijf,body
douche,shower
hieruit,from this
junior,junior
golf,golf
Amerikaan,American
kut,cunt
model,model
geldt,applies
seizoen,season
omlaag,down
nummers,numbers
trainen,training
mijl,mile
jongeman,young man
welnee,Not at all
broertje,little brother
marine,navy
pakte,grabbed
wandelen,walking
herstellen,repair
robot,robot
ongerust,worried
vijftig,fifty
gegooid,thrown
duisternis,darkness
jochie,little boy
hi,Hi
hekel,hate
doodgaan,to die
Cole,Cole
briefje,note
tweeën,two
achteren,behind
getekend,signed
vlakbij,nearby
prettig,pleasant
teef,bitch
schoten,shots
eisen,to demand
schrijver,writer
knop,knob
sigaret,cigarette
smerige,dirty
reageren,respond
vloek,curse
achterna,after
legende,legend
stonden,stood
ai,AI
banden,tyres
branden,burn
aangenomen,accepted
nul,zero
borsten,breasts
Miles,Miles
hierover,about this
bovenop,on top
vampier,vampire
overeenkomst,agreement
brave,brave
optreden,perform
brak,broke
gesteld,stated
vuil,filthy
dinsdag,Tuesday
vergat,forgot
verenigde,united
verdriet,grief
vijfde,fifth
Berlijn,Berlin
vieze,dirty
bezorgen,deliver
teruggaan,go back
straten,streets
lippen,lips
overleefd,survived
gelukkige,happy
breek,break
constant,constant
scherp,sharp
proost,Cheers
hoefde,needed
April,April
ellende,trouble
sigaretten,cigarettes
vogels,birds
overval,raid
spion,spy
tank,tank
d'r,her
datje,that
benzine,petrol
Duitsers,Germans
zwijgen,silence
cheque,check
kasteel,castle
begreep,understood
verplaatsen,move
stelde,stated
durft,dares
dossiers,files
winst,gain
mammie,Mommy
gewild,wanted
lig,lie
godzijdank,thank God
kansen,chances
concentreren,concentrate
lege,empty
vertrouwt,trusts
verdacht,suspect
goedenacht,good night
allerlei,all kinds
Chinees,Chinese
roept,calls
weggaat,leaves
kleed,dress
bevrijden,liberate
merken,to notice
Derek,Derek
haven,harbor
plekken,places
gelopen,walked
verwachtte,expected
fabriek,factory
ontspannen,relaxed
beweeg,move
stal,stable
maling,grinding
verdwaald,lost
donderdag,Thursday
doorlopen,go through
advocaten,lawyers
kamers,rooms
verzamelen,collect
daarop,thereupon
duwen,Push
Boston,Boston
sport,sport
onbekende,unknown
onderhandelen,negotiate
smeris,cop
opeten,eat
waarschuw,warn
weggegaan,left
zijne,his
museum,museum
geschenk,gift
vertrok,departed
puur,pure
eventjes,just a moment
voort,continue
meegaan,go along
Gordon,Gordon
beroemd,famous
gemeenschap,community
gevaarlijke,dangerous
iemands,someone's
briljant,brilliant
koude,cold
snelle,fast
alcohol,alcohol
achterin,in the back
collega's,colleagues
broeders,brothers
gezellig,pleasant
herinnering,memory
koninkrijk,kingdom
bewaker,guard
bommen,bombs
koos,chose
lunchen,lunch
dringend,urgent
verliet,left
Florida,Florida
bravo,Bravo
lading,cargo
Lincoln,Lincoln
middernacht,midnight
handelen,trade
terugtrekken,withdraw
bepalen,determine
illegaal,illegal
verander,change
geweren,guns
samenwerken,to collaborate
partij,side
levende,living
botten,bones
brein,brain
leid,lead
groots,grand
grot,cave
volgend,next
zacht,soft
volkomen,completely
klasse,class
zone,zone
mannetje,male
rand,edge
bied,offer
smeerlap,scoundrel
handtekening,signature
wauw,wow
namelijk,namely
beters,better
kerstfeest,Christmas
bedreiging,threat
betekend,meant
centrale,central
vet,fat
gedwongen,forced
meld,report
ogenblik,moment
Maggie,Maggie
plotseling,suddenly
s,s
zijde,side
lied,song
gooide,threw
stoor,disturb
besloot,decided
nieuwsgierig,curious
dapper,brave
fantastische,fantastic
kalmeer,calm down
kanten,sides
allang,long ago
leveren,deliver
gsm,mobile phone
magische,magical
ontslaan,dismiss
lafaard,coward
Sophie,Sophie
hek,fence
hout,wood
truc,trick
bereik,range
negatief,negative
huiswerk,homework
machines,machines
opruimen,tidying up
klonk,sounded
Hollywood,Hollywood
schande,shame
gezorgd,provided
bewust,conscious
daaraan,to that
plassen,puddles
toren,tower
pakje,package
storen,disturb
merk,brand
koopt,buys
as,ash
verdwijn,disappear
expert,expert
Parker,Parker
partners,partners
lokale,local
spannend,exciting
hebbes,got it
angel,angel
verdiende,earned
beantwoorden,to answer
metro,metro
besef,realize
mankeert,is missing
opname,intake
goeds,good
aanklacht,charge
suiker,sugar
openbaar,public
crimineel,criminal
uitzien,look
soep,soup
gericht,aimed
kruis,crotch
effect,effect
helder,bright
identiteit,identity
bedenk,consider
aanwezigheid,presence
scherm,screen
winter,winter
dokters,doctors
droog,dry
sprake,talk
Chinese,Chinese
mail,mail
veroordeeld,convicted
Caesar,Caesar
ingang,Entrance
middag,afternoon
hartstikke,terribly
Connor,Connor
smaakt,tastes
danken,thank
kaartjes,tickets
kiest,chooses
wetten,laws
velen,many
verklaart,explains
televisie,television
rijd,drive
Cooper,Cooper
romantisch,romantic
ramen,windows
verraad,betrayal
zegen,blessing
vies,dirty
munitie,ammunition
hete,hot
voer,feed
klagen,complain
vriendinnen,girlfriends
wijst,points
bibliotheek,library
ondertussen,meanwhile
bevestigd,confirmed
verdwijnt,disappears
draak,dragon
gevoeld,felt
snelweg,motorway
ingewikkeld,complicated
bedrijven,companies
gedurende,during
hut,hut
nicht,niece
plat,flat
hielden,held
verwijderen,to delete
vliegtuigen,airplanes
speelgoed,toys
ofwel,either
negeren,to ignore
uitzicht,prospect
jeetje,gosh
beloven,promise
gecontroleerd,checked
demon,demon
gedraag,behave
gooit,throws
wegen,roads
graaf,count
roze,pink
realiteit,reality
check,check
Lets,Let's
gewicht,weight
attentie,attention
warme,warm
pest,plague
beloning,reward
eenheden,units
opleiding,course
snij,cut
Gibbs,Gibbs
volgde,followed
busje,van
watje,wimp
vergist,mistake
middelbare,secondary
moeilijker,more difficult
opgegeven,specified
ontdekte,discovered
schouder,shoulder
ras,breed
zekerheid,security
resultaat,result
geschikt,suitable
psychiater,psychiatrist
ontspan,Relax
zekere,certain
instructies,instructions
scène,scene
dagboek,diary
daarboven,up there
gevoelig,sensitive
overkant,other side
interessante,interesting
beesten,animals
organisatie,organization
bekende,known person
penis,penis
student,student
tovenaar,wizard
commando,command
fort,fort
tranen,tears
gelegd,laid
verstandig,sensible
verdachten,suspects
mijzelf,myself
lacht,laughs
voorgoed,forever
uitgeschakeld,disabled
blazen,to blow
verpesten,to bully
beet,bite
geraken,get
meekomen,come along
hartaanval,heart attack
schoft,scoundrel
politieke,political
repareren,to repair
bierdopje,bottle cap
veroorzaken,cause
zusje,little sister
Linda,Linda
at,at
herkennen,recognize
koekjes,cookies
schakel,switch
personen,persons
staart,tail
optie,option
beschermd,protected
schutter,shooter
lelijke,ugly
oost,east
gok,gamble
heleboel,a whole lot
geopend,opened
admiraal,admiral
stress,stress
teams,teams
eeuwen,centuries
resultaten,results
vaste,fixed
geboorte,birth
bevestigen,to confirm
drukken,print
Britse,British
feesten,parties
gevolgen,implications
vers,fresh
Duitsland,Germany
beloofde,promised
degenen,those
helden,heroes
little,little
uitziet,looks
sneeuw,snow
jungle,jungle
geruchten,rumors
proef,trial
baby's,babies
middel,resourse
Vietnam,Vietnam
gezichten,faces
Angela,Angela
kopie,copy
releases,releases
slagen,succeed
flikker,faggot
aanslag,scale
jedi,jedi
steunen,supports
momenten,moments
klere,clothes
flauw,faint
won,won
schild,shield
pijnlijk,painful
chocolade,chocolate
football,football
namens,on behalf of
waarbij,whereby
scheiding,parting
gras,grass
trappen,to kick
steven,Steven
bijbel,Bible
uitgaan,going out
verbranden,burn
houding,attitude
verontschuldigen,to apologize
legt,lays
hoorden,heard
speler,player
uitgang,Exit
verstaan,to hear
chip,chip
schudden,shake
vlag,flag
steekt,sticks
bewusteloos,unconscious
NS,NS
bewezen,proven
communicatie,communication
tape,tape
commissaris,commissioner
gereden,driven
voorzitter,chair
soorten,species
technisch,technical
families,families
gedroomd,dreamed
pech,bad luck
dubbel,double
sindsdien,since then
telefoontjes,phone calls
afschuwelijk,horrible
uitweg,exit
therapie,therapy
simpele,simple
rommel,mess
chief,chief
fiets,bicycle
kennelijk,apparently
beschikbaar,available
wanhopig,desperate
jarig,birthday
bescherm,protect
chaos,chaos
raket,rocket
ei,egg
gewoonlijk,usually
uitschakelen,switch off
erdoor,through it
hof,court
hm,hm
echter,however
onbekend,unknown
opgegroeid,grew up
vat,barrel
verbaasd,surprised
wei,whey
nood,need
humor,humor
zuurstof,oxygen
vleugels,wings
San,San
slechter,worse
vertrouwde,trusted
betaalde,paid
dwaas,fool
positief,positive
beroemde,famous
joden,Jews
rotzak,bastard
aanpakken,tackle
maal,meal
boy,boy
mm,mm
schedel,skull
dochters,daughters
verspreiden,spread
weglopen,run away
vriendjes,friends
bezwaar,objection
kranten,newspapers
aangeraakt,touched
proeven,samples
dwingen,force
Potter,Potter
geleid,guided
fantasie,fantasy
verkracht,raped
overvallen,raids
zing,sing
overgeven,yield
Charlotte,Charlotte
schema,schedule
boeten,fines
dodelijk,deadly
Davis,Davis
stabiel,stable
afhandelen,handle
Engelse,English
schilderij,painting
podium,stage
loslaten,letting go
krankzinnig,insane
onderdeel,element
bewaar,keep
excuseren,excuse
morgenavond,tomorrow evening
medicijn,medicine
mamma,mom
oudere,older
moeilijkheden,difficulties
praatte,talked
ratten,rats
interview,interview
boodschappen,groceries
noodgeval,emergency
rekeningen,bills
Japan,Japan
telkens,every
schop,shovel
fase,phase
café,cafe
gerechtigheid,justice
onlangs,recently
serie,series
hufter,bastard
gewonden,injured
vermogen,assets
vrachtwagen,truck
vocht,moisture
seksuele,sexual
uitdaging,challenge 
joch,boy
bid,pray
zieke,sick
Amerikaans,American
reageert,responds
Palmer,Palmer
wiet,weed
theater,theater
hoofdpijn,headache
kanaal,channel
versta,understand
status,status
netwerk,network
vanzelf,automatically
oorzaak,cause
verlegen,shy
doctor,doctor
wond,wound
acteur,actor
hartslag,heartbeat
gedraagt,behaves
grenzen,borders
opdagen,show up
tekst,text
tevoorschijn,appear
uitnodiging,invitation
zowel,both
out,out
bezet,occupied
letterlijk,literal
promotie,promotion
Donna,Donna
huidige,current
ketting,chain
anti,anti
mooier,prettier
avontuur,adventure
verbaast,surprises
filmen,filming
moedig,brave
pols,wrist
leuker,more fun
geplaatst,posted
heten,to be named
vak,compartment
tempel,Temple
besteld,ordered
redde,saved
meegebracht,brought along
Dennis,Dennis
overste,commander
doorbrengen,spend
rende,ran
spoedig,soon
stemming,voting
grootvader,grandfather
bodem,soil
miste,missed
ambassadeur,ambassador
Ethan,Ethan
betwijfel,doubt
titel,title
Rusland,Russia
verschrikkelijke,terrible
motel,motel
schaam,shame
vóór,for
probeerden,tried
medisch,medical
overheen,over
schilden,shields
beschermt,protects
versterking,reinforcement
ridder,knight
experiment,experiment
vloot,fleet
veroorloven,to afford
versie,version
bewaking,surveillance
bijzonders,special
levert,delivers
grijpen,to grasp
lagen,layers
Logan,Logan
achterkant,back
das,that
tip,tip
bijten,biting
afsluiten,to block
gekwetst,injured
trekker,tractor
Aaron,Aaron
daad,deed
justitie,justice
go,go
gekost,cost
September,September
blaas,bladder
stak,stuck
triest,sad
beslissingen,decisions
miljard,billion
gestoken,stabbed
bijzondere,special
koorts,fever
geneukt,fucked
vooruitgang,progress
bot,bone
teruggekomen,returned
oefening,excercise
Irak,Iraq
zoenen,to kiss
zwakke,weak
make-up,makeup
dorst,thirst
gemak,ease
tijdelijk,temporary
Ellie,Ellie
behoefte,need
media,media
casino,casino
correct,correct
zenuwachtig,nervous
spanning,tension
strak,tight
aantrekkelijk,attractive
rijbewijs,driver's license
leerling,student
steden,towns
ministerie,ministry
meende,thought
cowboy,cowboy
opgegeten,eaten
aanwijzingen,instructions
kloten,balls
vice-,vice-
laden,loading
jee,jee
waarderen,appreciate
minste,at least
Collins,Collins
klinken,sound
stukjes,pieces
maaltijd,meal
relaties,relationships
omdraaien,turn around
gelegenheid,occasion
beschadigd,damaged
dollars,dollars
uitmaken,to finish
eigendom,property
sociale,social
aanwijzing,indication
rechtstreeks,directly
verdrietig,sad
daden,deeds
ontworpen,designed
zender,transmitter
beantwoord,answered
bagage,luggage
overleeft,survives
schone,clean
hierbij,hereby
emoties,emotions
weghalen,remove
verkeer,traffic
rit,ride
paspoort,passport
verzekering,insurance
vandaar,hence
jongetje,little boy
waanzin,madness
bestellen,order
mobiel,mobile
vrouwelijke,female
doof,deaf
werkelijkheid,reality
zusters,sisters
ruilen,exchange
kopje,little cup
Todd,Todd
Olivia,Olivia
inclusief,inclusive
gif,gif
verzinnen,to invent
satelliet,satellite
betekenis,meaning
motoren,engines
aard,earth
paleis,palace
hoeren,whores
wachtte,waited
bewijst,proves
vullen,fill
slimmer,smarter
ondergoed,underwear
uitvoeren,perform
overnemen,to take over
uitkomen,come out
Jessica,Jessica
hoofdkwartier,headquarters
goedemiddag,Good afternoon
computers,computers
getraind,trained
rollen,roles
leidde,led
longen,lungs
shuttle,shuttle
duiken,to dive
it,it
scan,scan
tenslotte,finally
dure,expensive
middelen,resources
oh,Oh
raketten,rockets
bewustzijn,conscience
Hitler,Hitler
stok,stick
betrapt,caught
Walker,Walker
brandt,burns
datum,date
wijf,bitch
zielen,souls
kreng,bitch
ogenblikje,One moment
morgenvroeg,tomorrow morning
federale,federal
opgeblazen,inflated
halt,stop
gele,yellow
woensdag,Wednesday
mobiele,mobile
eerlijke,honest
ingehuurd,hired
mulder,mulder
geladen,loaded
biedt,offers
bijt,bite
koe,cow
etentje,dinner
bijeenkomst,meeting
katten,cats
vrijen,making love
kwart,quarter
coma,coma
concentreer,concentrate
snappen,understand
link,link
aanklager,prosecutor
braaf,good
veiliger,safer
beheersen,master
buitenlandse,foreign
plant,plant
vloog,flew
Miami,Miami
Sydney,Sydney
slaaf,slave
nl.,nl.
slaven,slaves
zeep,soap
bloeden,bleeding
spelers,players
arresteer,arrest
sector,sector
coördinaten,coordinates
overeen,agree
zout,salty
ofzo,or something
kleiner,smaller
traditie,tradition
konijn,rabbit
symbool,symbol
ondervragen,question
creëren,create
afgewezen,rejected
politieagent,police officer
borg,deposit
zorgde,ensured
documenten,documents
voorzien,provided
Grant,Grant
vervolgens,then
kliniek,clinic
vergeleken,compared
vredesnaam,name of peace
oppakken,pick up
vroegen,asked
defensie,defense
info,info
cadeautje,gift
kwade,evil
eeuwige,eternal
flinke,substantial
staren,staring
combinatie,combination
opblazen,to inflate
zoektocht,quest
gedumpt,dumped
s,s
terugkeren,return
discussie,discussion
heuvel,hill
avenue,avenue
nut,utility
lust,desire
patroon,cartridge
bestemming,destination
dient,serves
verzonnen,invented
wegging,left
Kirk,Kirk
turner,gymnast
gespannen,stretched
besefte,realized
bloeddruk,blood pressure
bevindt,is located
nachten,nights
stervende,dying
beleefd,polite
neuk,fuck
hol,hollow
oordeel,judgement
ontploffen,explode
eerwaarde,Reverend
knie,knee
Nina,Nina
buitenaardse,alien
lieveling,favorite
demonen,demons
studio,studio
lawaai,noise
gehele,entire
verplaatst,moved
waag,weigh
college,college
pagina,page
passie,passion
mietje,sissy
Oliver,Oliver
verspillen,wasting
lessen,lessons
zonden,sins
techniek,technology
relax,relax
cirkel,circle
gebeten,bitten
natuurlijke,natural
veronderstel,suppose
applaus,applause
schoonmaken,cleaning
kooi,cage
doodsbang,terrified
India,India
riskeren,risk
brandstof,fuel
veertig,forty
voeden,to feed
betekende,meant
grazen,grazing
haatte,hated
gewapend,armed
pure,pure
verrot,rotten
planten,plants
droomde,dreamed
eikels,acorns
vrijgelaten,released
bloem,flower
wreed,cruel
groeit,grows
wall,wall
gebeurtenissen,events
beslag,seizure
voortaan,henceforth
gemerkt,marked
achtergrond,background
keuzes,choices
oproep,call
Willie,Willie
goedendag,Good day
bemoei,interfere
wetenschapper,scientist
kok,cook
pikken,to pick
toestel,device
afval,waste
Santa,Santa
criminelen,criminals
daag,day
naaien,sewing
verpleegster,nurse
rots,rock
terugbrengen,return
crisis,crisis
uzelf,yourself
genaaid,sewn
Veronica,Veronica
herkent,recognizes
jonger,younger
um,um
realiseerde,realized
journalist,journalist
risico's,risks
voertuig,vehicle
overlevenden,survivors
karakter,character
besmet,infected
Diego,Diego
loon,wage
trouwt,marries
machtige,mighty
volhouden,to persevere
online,online
long,lung
identificeren,identify
oudste,oldest
Ned,Dutch
pan,Pan
augustus,August
starfleet,starfleet
centimeter,centimeter
explosieven,explosives
greep,grip
staf,staff
duistere,dark
toppers,top performers
gokken,gambling
gekleed,dressed
Mason,Mason
county,county
monica,Monica
studie,study
bevrijd,liberated
wii,Wii
neger,negro
zenuwen,nerves
gereedschap,tools
pissen,pee
juni,June
in,in
mei,May
wonden,wounds
doodgeschoten,shot dead
commentaar,commentary
periode,period
inpakken,packing
temperatuur,temperature
verplicht,obliged
uitslag,rash
frisse,fresh
langskomen,come by
plastic,plastic
verspreid,spread
goedkoop,cheap
tweeling,twin
sectie,section
procedure,procedure
duw,push
actief,active
boze,angry
jasje,jacket
ongelukkig,unhappy
koelkast,refrigerator
infectie,infection
behouden,retain
profiel,profile
schulden,debts
aandelen,shares
riep,called
riem,belt
echo,echo
huil,cry
schreeuw,scream
logboek,log
laarzen,boots
glazen,glass
schamen,ashamed
tof,cool
favoriet,favorite
apart,apart
gijzelaars,hostages
gefaald,failed
Victoria,Victoria
emotioneel,emotional
kwijtgeraakt,lost
motief,motif
militair,military
Curtis,Curtis
voorbereiden,prepare
schuur,barn
portemonnee,wallet
wiskunde,mathematics
snoep,sweets
stevig,sturdy
privacy,privacy
service,service
accepteer,accept
populair,popular
koninklijke,royal
kindje,baby
benieuwd,curious
verzeker,insure
senaat,Senate
Sid,Sid
winkelen,shopping
voorgesteld,suggested
Manhattan,Manhattan
internationale,International
juli,July
ervaren,experienced
weigeren,to refuse
rob,rob
hoofdstuk,chapter
toegestaan,allowed
toestaan,allow
naderen,approach
openbare,public
steelt,steals
heerlijke,delicious
doorgeven,pass on
incident,incident
douchen,shower
all-in-one,all-in-one
bedreigd,threatened
reeds,already
Duke,Duke
geleefd,lived
kleintje,little one
noemden,called
oktober,October
geslaagd,passed
Führer,Führer
heroïne,heroin
verloofd,engaged
opzet,design
misdaden,crimes
delta,delta
star,star
vervloekt,cursed
achteraan,at the back
verbergt,hides
gestoorde,disturbed
passagiers,passengers
heelal,universe
bloedt,bleeding
gestraft,punished
Virginia,Virginia
versieren,decorate
verwoest,destroyed
zowat,just about
gesprekken,conversations
schei,chemistry
porno,porn
bevat,contains
daarnet,just now
pijp,pipe
begaan,committed
verbind,connect
uiterlijk,at the latest
ontvoering,kidnapping
aangeven,indicate
schoen,shoe
verstop,hide
Island,Island
klimmen,to climb
contant,cash
varen,sailing
set,set
opgehangen,hung
bedrag,amount
knuffel,cuddly toy
aangeboden,offered
verknald,ruined
kostte,cost
jager,hunter
glimlach,smile
love,love
sukkels,losers
blank,white
McGee,McGee
overeind,upright
Russell,Russell
beurs,stock exchange
onzichtbaar,invisible
kandidaat,candidate
beroofd,robbed
uitgevoerd,carried out
ton,ton
voetbal,football
dekken,cover
diepe,deep
dominee,pastor
leeuw,lion
dieper,deeper
Jill,Jill
fortuin,fortune
inzetten,to stake
zweet,sweat
Gina,Gina
gewoonte,habit
gebouwen,buildings
Frodo,Frodo
gebrek,lack
bekennen,confess
durven,to dare
Justin,Justin
opzetten,to set up
zonen,sons
toont,shows
huren,rent
gevuld,filled
schoppen,kicks
geniaal,genius
officiële,official
indien,if
Japanse,Japanese
Harvard,Harvard
erbuiten,outside
mekaar,each other
blok,block
tja,well
stierven,died
pijpen,pipes
brigadier,brigadier
kwartier,quarter
interne,internal
wennen,to get used to
inzet,stake
mariniers,marines
plekje,spot
meesten,most
beseft,realizes
vielen,fell
waaraan,to which
verward,confused
kleuren,to colour
mysterie,mystery
federatie,federation
campagne,campaign
verlangen,desire
knal,pop
aankomt,arrives
behandelt,treats
systemen,systems
ernstige,serious
circus,circus
voordeur,front door
rechtszaak,court case
maffia,mafia
recept,recipe
grapjes,jokes
boeren,farmers
Travis,Travis
lente,spring
toekomstige,future
verblijf,stay
moderne,modern
piano,piano
terrorist,terrorist
nuttig,useful
zaal,room
vette,fat
afgemaakt,finished
opgevoed,raised
overstuur,upset
beweert,claims
bevriend,befriended
belangrijks,important
geactiveerd,activated
draaide,turned
verklaar,explain
ezel,donkey
tandarts,dentist
chirurg,surgeon
ontkennen,to deny
fruit,fruit
allemachtig,Good heavens
speech,speech
misverstand,misunderstanding
vermijden,to avoid
paradijs,paradise
Spaans,Spanish
bewaard,preserved
behoort,belongs
Sheldon,Sheldon
exact,exactly
afdrukken,print
getrokken,drawn
slechtste,worst
zingt,sings
lijdt,suffers
megan,Megan
uitgeput,exhausted
Burke,Burke
engelen,angels
drama,drama
mochten,were allowed
Canada,Canada
beledigd,insulted
lage,low
dozen,boxes
uniek,unique
bruin,brown
dronk,drank
vermiste,missing
tegenstander,opponent
bronnen,sources
wegkomen,get away
beschuldigd,accused
kroon,crown
Lana,Lana
Ronnie,Ronnie
veranderingen,changes
ruimen,clear
commissie,committee
Miami,Miami
fans,fans
leerlingen,pupils
straal,beam
bleven,remained
cellen,cells
goeiemorgen,Good morning
bukken,bend down
machtig,mighty
ontploft,explodes
minuutje,a minute
kostuum,costume
borrel,drinks
misselijk,nauseous
weleens,sometimes
klop,knock
concert,concert
ritje,ride
artsen,doctors
juwelen,jewelry
bliksem,lightning
verhuisd,moved
Spanje,Spain
ambassade,embassy
script,script
luisterde,listened
levenslang,lifelong
opening,opening
regent,rains
symptomen,symptoms
hitte,heat
opent,opens
gemene,mean
handig,handy
lamp,lamp
s,s
officieren,officers
boer,farmer
reclame,advertisement
ooh,ooh
opwindend,exciting
bedrogen,deceived
straling,radiation
hup,come on
alpha,alpha
indianen,Indians
geluisterd,listened
dadelijk,immediately
kern,core
spijtig,regrettably
krachtig,powerful
gerucht,rumor
financiële,financial
langzamer,slower
uitkomt,comes out
wenst,wishes
arrestatie,arrest
robots,robots
enge,scary
Tess,Tess
bevallen,to suit
operaties,operations
kwetsen,hurt
diefstal,theft
dieven,thieves
ontwikkeld,developed
goedkope,cheap
klaarmaken,prepare
smeken,beg
paus,pope
straffen,punishments
schut,sluice
voorwaarden,conditions
asjeblieft,please
bestond,existed
brachten,brought
nadert,approaches
glorie,glory
overdag,during the day
telefoonnummer,phone number
doorgaat,continues
omgekomen,perished
bestuur,management
auditie,audition
lager,lower
gekken,crazy people
bood,offered
begrip,concept
generatie,generation
wetenschappers,scientists
ademt,breathes
eenzame,lonely
beu,tired
Stephen,Stephen
trouwde,married
opties,options
hogere,higher
hing,hung
hakken,heels
tekort,shortage
doorzoeken,search
handschoenen,gloves
draad,wire
bingo,bingo
air,air
diensten,services
helm,helmet
eed,oath
timing,timing
instappen,board
korporaal,corporal
pappie,daddy
complete,complete
bijeen,together
uitgevonden,invented
district,district
leiders,leaders
speciaals,special
lokken,lure
congres,Congress
blinde,blind
uitstappen,get off
compagnie,company
overleed,passed away
totale,total
stoute,naughty
baard,beard
Thanksgiving,Thanksgiving
standaard,standard
Halloween,Halloween
kou,cold
haren,hair
schakelen,to change gear
nachtmerries,nightmares
jongedame,young lady
gezegend,blessed
Fransen,French
mazzel,good luck
legaal,legal
falen,fail
dog,dog
Bourne,Bourne
coke,coke
serieuze,serious
transport,transport
tenen,toes
Houston,Houston
salaris,salary
per,per
offer,offer
knopen,buttons
Gloria,Gloria
respecteren,respect
kwetsbaar,vulnerable
nucleaire,nuclear
freak,freak
slaag,succeed
bevroren,frozen
herkende,recognized
innemen,to take
veertien,fourteen
zochten,searched
bedank,thank you
achtervolgen,chase
vergunning,permit
gij,you
menigte,crowd
herhalen,repeat
Italië,Italy
stille,silent
Brooklyn,Brooklyn
plaat,plate
regelt,arranges
autoriteiten,authorities
intelligent,intelligent
jood,Jew
gebeden,prayers
apen,monkeys
weigert,refuses
beroven,to rob
blanken,whites
modder,mud
gewapende,armed
goedmaken,make amends
vampiers,vampires
schuilplaats,shelter
bewaken,guard
verbazingwekkend,amazing
verf,paint
Jamal,Jamal
tijger,tiger
mode,fashion
volwassenen,adults
overdreven,exaggerated
Shane,Shane
woning,home
agenda,agenda
opsluiten,lock up
drankjes,drinks
doorstaan,endure
telefoons,phones
kick,kick
Meredith,Meredith
lesje,lesson
diamant,diamond
stapt,steps
maatschappij,society
pet,pet
gids,guide
ticket,ticket
delict,crime
schouders,shoulders
revolutie,revolution
verslaafd,addicted
cultuur,culture
besproken,discussed
gene,gene
revolver,revolver
prijzen,prices
geland,landed
staal,steel
sms,SMS
broodje,sandwich
Trevor,Trevor
afspreken,to agree
metaal,metal
teruggeven,return
gesneden,cut
Shrek,Shrek
getroffen,affected
undercover,undercover
bossen,forests
haak,hook
griet,brill
Moskou,Moscow
krijt,chalk
algemeen,general
Spock,Spock
actrice,actress
Jess,Jess
redding,rescue
legde,laid
zinloos,senseless
dertien,thirteen
cocaïne,cocaine
plots,suddenly
gevolg,consequence
troon,throne
non,non
klappen,clap
zeuren,to moan
smeer,grease
voert,carries
haai,shark
bouw,build
dodelijke,deadly
hoofden,heads
tuig,scum
analyse,analysis
uitmaakt,matters
treffen,meet
opereren,operate
zooi,mess
accent,accent
kruipen,crawl
onderdelen,parts
clown,clown
marinier,marine
weggelopen,ran away
depressief,depressed
rebellen,rebels
dumpen,dump
handboeien,handcuffs
kabel,cable
happy,happy
buurman,neighbour
achterlijk,retarded
beëindigen,terminate
tempo,speed
road,road
onbeleefd,impolite
kameraad,comrade
vrouwtje,female
adviseur,advisor
bruine,brown
informant,informant
bevolking,population
beschaving,civilization
rechterhand,right hand
roman,novel
stort,dump
drieën,three
gedicht,poem
opletten,pay attention
werkten,worked
wodka,vodka
grappen,jokes
zonsopgang,sunrise
beschouw,consider
ziekenboeg,infirmary
werelden,worlds
stoer,tough
November,November
aankan,can handle
getest,tested
vanwaar,from where
toespraak,speech
harten,hearts
tijdstip,time
kofferbak,trunk
bewaakt,guarded
kap,hood
aanvaard,accepted
weduwe,widow
koeien,cows
nagels,nails
zielige,pathetic
uitzending,broadcast
opsporen,track down
Rebecca,Rebecca
wijsheid,wisdom
voorstelling,performance
neukt,fucks
hoeveelheid,quantity
Phoebe,Phoebe
dankje,Thank you
vallei,valley
zussen,sisters
onthou,remember
testament,will
codes,codes
strategie,strategy
heden,today
opstand,revolt
poten,mates
puinhoop,mess
verschijnen,to appear
zesde,sixth
afzetten,to take off
parkeerplaats,parking lot
wisselen,to switch
vreugde,joy
poesje,kitten
bestand,file
verhouding,relationship
originele,original
foute,wrong
Times,Times
hetgeen,which
massa,mass
figuur,figure
natie,nation
verrassen,surprise
plank,plank
verbroken,broken
typisch,typical
streng,strict
scholen,schools
liefst,sweetest
respecteer,respect
Blair,Blair
activiteiten,activities
gestudeerd,studied
noodzakelijk,necessary
keken,looked
belasting,tax
weddenschap,bet
krijger,warrior
alhoewel,although
mislukt,failed
apparatuur,equipment
boeien,handcuffs
vermoeden,suspect
voorraad,stock
Gabriël,Gabriel
geil,horny
zestien,sixteen
product,product
nest,nest
wagens,cars
functie,function
ontstaan,to arise
Seattle,Seattle
heilig,holy
handdoek,towel
muis,mouse
succesvol,successful
idiote,idiot
elektrische,electric
opgezet,set up
diploma,diploma
springt,jumps
cd,CD
aantrekken,attract
gehoopt,hoped
eis,requirement
banken,banks
bemoeien,interfere in
hierna,hereinafter
examen,exam
strafblad,criminal record
zelden,seldom
balans,balance
verbeteren,improve
sparen,save
hersteld,restored
geel,yellow
zwarten,blacks
extreem,extreme
bishop,bishop
republiek,republic
blonde,blonde
Janet,Janet
nutteloos,useless
Malcolm,Malcolm
professionele,professional
verzin,invent
Miguel,Miguel
schok,shock
Craig,Craig
schrik,scare
alvast,already
boem,boom
spieren,muscles
record,record
loser,loser
drijven,to conduct
verberg,hide
opgevallen,noticed
nakijken,check
emotionele,emotional
prioriteit,priority
onderschat,underestimated
rondje,round
ego,ego
beker,cup
professioneel,professional
winkelcentrum,shopping center
verzekeren,to insure
beleid,policy
genoten,enjoyed
vee,cattle
vergif,poison
gastheer,host
wachtwoord,password
stam,stem
ongeval,accident
leve,long live
achternaam,surname
voorafging,preceded
vrijwillig,voluntarily
duim,thumb
Elliot,Elliot
stiekem,secretly
instinct,instinct
vereerd,honored
vergelijken,to compare
verdere,further
weetje,fun fact
cola,cola
bod,bid
put,well
ademhalen,breathing
vaardigheden,skills
ontvangt,receives
zeldzaam,rare
database,database
bitch,bitch
ceremonie,ceremony
alibi,alibi
grootmoeder,grandmother
zakenman,businessman
stadje,town
charmant,charming
boekje,booklet
misdrijf,crime
spider,spider
checken,check
leed,suffered
Marc,Marc
golven,waves
belooft,promises
Afghanistan,Afghanistan
ontsnapte,escaped
sokken,socks
vreemden,strangers
fascinerend,fascinating
vermoed,suspected
verklaard,explained
afhankelijk,dependent
wonderen,miracles
grof,course
cash,cash
finale,final
gebakken,fried
schaal,dish
koppen,headings
lek,leak
technische,technical
Fiona,Fiona
schijn,appearance
teleur,disappointed
Jules,Jules
troost,consolation
earl,earl
gestaan,stood
vest,vest
tegelijkertijd,at the same time
treden,step
zonsondergang,sunset
afnemen,to decrease
trip,trip
zogenaamde,so-called
radar,radar
bewijsmateriaal,evidence
oppassen,to watch out
wijk,neighborhood
vreemds,strange
afleiding,distraction
ontwikkelen,to develop
rondlopen,walking around
illegale,illegal
arrest,arrest
gevechten,fights
moeras,swamp
paranoïde,paranoid
uitkijken,watch out
communiceren,communicate
rent,rent
ingebroken,broken into
ge,ge
zachtjes,gently
secretaresse,secretary
stoere,cool
Sun,Sun
gelegen,convenient
ham,ham
dagelijks,daily
inwoners,residents
dekmantel,cover
Dallas,Dallas
rozen,roses
boten,boats
misbruik,abuse
deken,blanket
aanpassen,to adjust
sowieso,anyway
au,au
blad,leaf
scheppen,to create
bekijkt,views
zuigen,suck
vergiftigd,poisoned
bezoekers,visitors
bezocht,visited
economie,economy
dappere,brave
linker,left
ontwerp,design
lijnen,lines
saus,sauce
uurtje,hour
special,special
praktisch,practical
gigantische,gigantic
Jen,Jen
luchtmacht,air force
uitleg,explanation
kalmeren,calm down
academie,academy
bestanden,files
spuit,spray
united,united
wade,wade
euro,euro
mysterieuze,mysterious
tumor,tumor
huilt,cries
huwelijksreis,honeymoon
vastgebonden,tied up
verlof,leave
gevlogen,flown
wolven,wolves
enthousiast,enthusiastic
shock,shock
hopeloos,hopeless
Italiaans,Italian
insecten,insects
Pentagon,Pentagon
monsieur,Monsieur
gegroet,greetings
spraken,spoke
schreeuwde,screamed
vang,catch
Egypte,Egypt
duister,dark
proficiat,congratulations
mobieltje,mobile phone
gore,disgusting
waardeloze,worthless
gitaar,guitar
stapel,pile
verse,fresh
bedriegen,cheat
aanraakt,touches
ontbreekt,missing
jagers,hunters
varkens,pigs
traceren,trace
gezonde,healthy
beledigen,insult
schietpartij,shooting
naald,needle
protocol,protocol
leuks,nice things
tanks,tanks
liter,liter
organen,organs
lichte,light
vernietig,destroy
smeren,to smear
doelen,goals
warmte,heat
behandel,treat
voorwaarts,forward
evacueren,evacuate
geleend,borrowed
mille,thousand
moois,beautiful
munt,coin
mannelijke,male
gemeld,reported
kritiek,criticism
uitgekozen,selected
geloofd,believed
olifant,elephant
handje,little hand
Kansas,Kansas
terugbellen,call back
makkie,easy peasy
liedjes,songs
oproepen,to call to action
diverse,various
acties,actions
dwerg,dwarf
regelmatig,regularly
plaatselijke,local
geroepen,called
stoot,bump
verdragen,treaties
nare,nasty
elektriciteit,electricity
ruimteschip,spaceship
sloot,ditch
hierop,on this
verwondingen,injuries
verre,far
honkbal,baseball
vreemdeling,foreigner
afgenomen,decreased
Natalie,Natalie
verwerken,process
inbraak,burglary
bonen,beans
scoren,score
litteken,scar
schurk,villain
werking,operation
Scofield,Scofield
slangen,snakes
kwaliteit,quality
beseffen,to realize
hot,hot
huisje,cottage
yep,yep
bekentenis,confession
gezag,authority
overwegen,to consider
madame,Madame
bepaalt,determines
platen,plates
rotsen,rocks
geobsedeerd,obsessed
cake,cake
toast,toast
werknemers,employees
uitzondering,exception
executie,execution
realiseer,realize
frequentie,frequency
probleempje,little problem
danst,dances
spook,ghost
ertoe,to that
reserve,reserve
blond,blond
ongelijk,unequal
maten,sizes
chemische,chemical
voortdurend,continual
vliegende,flying
kalkoen,turkey
remmen,brakes
doodgaat,dies
website,website
pil,pill
loyaliteit,loyalty
letters,letters
nikker,nigger
hemd,shirt
stoelen,chairs
racen,racing
doorgebracht,spent
luxe,luxury
chips,chips
dvd,DVD
bestuderen,study
Italiaanse,Italian
hieraan,to this
rugzak,backpack
ontvang,receive
koffers,suitcases
tiener,teenager
hoever,how far
luchthaven,airport
riskant,risky
gewoond,lived
mw.,Ms.
Duits,German
hiernaast,next to this
Robinson,Robinson
Artie,Artie
achterdeur,back door
geschorst,suspended
Gates,Gates
boter,butter
stank,stench
baantje,job
tragedie,tragedy
omheen,around
vernietiging,destruction
koper,copper
kenden,knew
invasie,invasion
eend,duck
vermaak,entertainment
elkaars,each other's
maart,March
zuiver,pure
gewelddadig,violent
egoïstisch,selfish
contacten,contacts
gezworen,sworn
herrie,noise
wolken,clouds
vrijgezel,bachelor
ongetwijfeld,undoubtedly
overtreding,offence
sterkste,strongest
creditcard,credit card
verzekerd,insured
tand,tooth
Debbie,Debbie
bakken,baking
zegene,bless
nieuwste,latest
verkrachting,rape
stoned,stoned
uiterste,extreme
roos,rose
gangster,gangster
bijen,bees
huilde,cried
compliment,compliment
jaagt,hunts
twijfelen,to doubt
serveerster,Waitress
teleurstellen,disappoint
verzamel,collect
tapijt,carpet
blut,broke
verkloot,screwed up
vermoorde,murdered
borden,plates
tegemoet,meet
nader,further
ongewoon,unusual
batterij,battery
liepen,walked
Batman,Batman
voorkant,front
storing,malfunction
boksen,boxing
klem,clamp
aflevering,episode
gezeik,bullshit
detail,detail
haaien,sharks
verzorgen,to nurse
nichtje,cousin
vereist,required
overhoop,messed up
raadsel,puzzle
zweren,ulcers
weigerde,refused
agressief,aggressive
ram,Ram
a.u.b.,please
artiest,artist
grootte,size
vrezen,fear
kwijtraken,lose
eeuwigheid,eternity
aas,bait
lerares,teacher
allergisch,allergic
beveel,recommend
complex,complex
overhalen,to convince
kappen,to cut
schijnen,to shine
activiteit,activity
honing,honey
weerstaan,resist
grijze,gray
ongedeerd,unharmed
bol,ball
opgehaald,fetched
klim,climb
gebeurtenis,event
stout,naughty
diagnose,diagnosis
beschoten,shot
kudde,herd
edgar,Edgar
uitstekende,excellent
afwachten,wait
bezittingen,possessions
politieman,policeman
warren,Warren
uitrusting,equipment
affaire,affair
luid,loud
banen,jobs
aangetrokken,attracted
knoop,button
lachte,laughed
besturen,governing
vernield,destroyed
fris,fresh
basketbal,basketball
kraken,crack
afgeleid,derived
beschrijven,to describe
bezeten,possessed
klooster,monastery
geïdentificeerd,identified
chinezen,Chinese
terugkeer,return
suite,suite
hamer,hammer
out,out
time,time
brekend,breaking